1,Construction,1,,C
2,Manufacturing,1,,D
3,"Transportation, Communications, Electric, Gas, And Sanitary Services",1,,E
4,"Agriculture, Forestry, And Fishing",1,,A
5,Mining,1,,B
6,"Finance, Insurance, And Real Estate",1,,H
7,Wholesale Trade,1,,F
8,Retail Trade,1,,G
9,Services,1,,I
10,Public Administration,1,,J
11,Agricultural Production Crops,1,4,01
12,Agriculture production livestock and animal specialties,1,4,02
13,Agricultural Services,1,4,07
14,Forestry,1,4,08
15,Fishing hunting and trapping,1,4,09
16,Metal Mining,1,5,10
17,Coal Mining,1,5,12
18,Oil And Gas Extraction,1,5,13
19,"Mining And Quarrying Of Nonmetallic Minerals, Except Fuels",1,5,14
20,Building Construction General Contractors And Operative Builders,1,1,15
21,Heavy Construction Other Than Building Construction Contractors,1,1,16
22,Construction Special Trade Contractors,1,1,17
23,Food And Kindred Products,1,2,20
24,Tobacco Products,1,2,21
25,Textile Mill Products,1,2,22
26,Apparel And Other Finished Products Made From Fabrics And Similar Materials,1,2,23
27,"Lumber And Wood Products, Except Furniture",1,2,24
28,Furniture And Fixtures,1,2,25
29,Paper And Allied Products,1,2,26
30,"Printing, Publishing, And Allied Industries",1,2,27
31,Chemicals And Allied Products,1,2,28
32,Petroleum Refining And Related Industries,1,2,29
33,Rubber And Miscellaneous Plastics Products,1,2,30
34,Leather And Leather Products,1,2,31
35,"Stone, Clay, Glass, And Concrete Products",1,2,32
36,Primary Metal Industries,1,2,33
37,"Fabricated Metal Products, Except Machinery And Transportation Equipment",1,2,34
38,Industrial And Commercial Machinery And Computer Equipment,1,2,35
39,"Electronic And Other Electrical Equipment And Components, Except Computer Equipment",1,2,36
40,Transportation Equipment,1,2,37
41,"Measuring, Analyzing, And Controlling Instruments; Photographic, Medical And Optical Goods; Watches And Clocks",1,2,38
42,Miscellaneous Manufacturing Industries,1,2,39
43,Railroad Transportation,1,3,40
44,Local And Suburban Transit And Interurban Highway Passenger Transportation,1,3,41
45,Motor Freight Transportation And Warehousing,1,3,42
46,United States Postal Service,1,3,43
47,Water Transportation,1,3,44
48,Transportation By Air,1,3,45
49,"Pipelines, Except Natural Gas",1,3,46
50,Transportation Services,1,3,47
51,Communications,1,3,48
52,"Electric, Gas, And Sanitary Services ",1,3,49
53,Wholesale Trade-durable Goods,1,7,50
54,Wholesale Trade-non-durable Goods,1,7,51
55,"Building Materials, Hardware, Garden Supply, And Mobile Home Dealers",1,8,52
56,General Merchandise Stores,1,8,53
57,Food Stores,1,8,54
58,Automotive Dealers And Gasoline Service Stations,1,8,55
59,Apparel And Accessory Stores,1,8,56
60,"Home Furniture, Furnishings, And Equipment Stores",1,8,57
61,Eating And Drinking Places,1,8,58
62,Miscellaneous Retail ,1,8,59
63,Depository Institutions,1,6,60
64,Non-depository Credit Institutions,1,6,61
65,"Security And Commodity Brokers, Dealers, Exchanges, And Services",1,6,62
66,Insurance Carriers,1,6,63
67,"Insurance Agents, Brokers, And Service",1,6,64
68,Real Estate,1,6,65
69,Holding And Other Investment Offices,1,6,67
70,"Hotels, Rooming Houses, Camps, And Other Lodging Places",1,9,70
71,Personal Services,1,9,72
72,Business Services,1,9,73
73,"Automotive Repair, Services, And Parking",1,9,75
74,Miscellaneous Repair Services,1,9,76
75,Motion Pictures,1,9,78
76,Amusement And Recreation Services,1,9,79
77,Health Services,1,9,80
78,Legal Services,1,9,81
79,Educational Services,1,9,82
80,Social Services,1,9,83
81,"Museums, Art Galleries, And Botanical And Zoological Gardens",1,9,84
82,Membership Organizations,1,9,86
83,"Engineering, Accounting, Research, Management, And Related Services",1,9,87
84,Private Households,1,9,88
85,Miscellaneous Services,1,9,89
86,"Executive, Legislative, And General Government, Except Finance",1,10,91
87,"Justice, Public Order, And Safety",1,10,92
88,"Public Finance, Taxation, And Monetary Policy",1,10,93
89,Administration Of Human Resource Programs,1,10,94
90,Administration Of Environmental Quality And Housing Programs,1,10,95
91,Administration Of Economic Programs,1,10,96
92,National Security And International Affairs,1,10,97
93,Nonclassifiable Establishments,1,10,99
94,Greeting Cards,1,30,277
95,Electric Services,1,52,491
96,Cash Grains,1,11,011
97,"Field Crops, Except Cash Grains",1,11,013
98,Vegetables And Melons,1,11,016
99,Fruits And Tree Nuts,1,11,017
100,Horticultural Specialties,1,11,018
101,"General Farms, Primarily Crop",1,11,019
102,"Livestock, Except Dairy And Poultry",1,12,021
103,Dairy Farms,1,12,024
104,Poultry And Eggs,1,12,025
105,Animal Specialties,1,12,027
106,"General Farms, Primarily Livestock And Animal",1,12,029
107,Soil Preparation Services,1,13,071
108,Crop Services,1,13,072
109,Veterinary Services,1,13,074
110,"Animal Services, Except Veterinary",1,13,075
111,Farm Labor And Management Services,1,13,076
112,Landscape And Horticultural Services,1,13,078
113,Timber Tracts,1,14,081
114,Forest Nurseries And Gathering Of Forest,1,14,083
115,Forestry Services,1,14,085
116,Commercial Fishing,1,15,091
117,Fish Hatcheries And Preserves,1,15,092
118,"Hunting And Trapping, And Game Propagation",1,15,097
119,Iron Ores,1,16,101
120,Copper Ores,1,16,102
121,Lead And Zinc Ores,1,16,103
122,Gold And Silver Ores,1,16,104
123,"Ferroalloy Ores, Except Vanadium",1,16,106
124,Metal Mining Services,1,16,108
125,Miscellaneous Metal Ores,1,16,109
126,Bituminous Coal And Lignite Mining,1,17,122
127,Anthracite Mining,1,17,123
128,Coal Mining Services,1,17,124
129,Crude Petroleum And Natural Gas,1,18,131
130,Natural Gas Liquids,1,18,132
131,Oil And Gas Field Services,1,18,138
132,Dimension Stone,1,19,141
133,"Crushed And Broken Stone, Including Riprap",1,19,142
134,Sand And Gravel,1,19,144
135,"Clay, Ceramic, And Refractory Minerals",1,19,145
136,Chemical And Fertilizer Mineral Mining,1,19,147
137,"Nonmetallic Minerals Services, Except Fuels",1,19,148
138,"Miscellaneous Nonmetallic Minerals, Except",1,19,149
139,General Building Contractors-residential,1,20,152
140,Operative Builders,1,20,153
141,General Building Contractors-nonresidential,1,20,154
142,"Highway And Street Construction, Except",1,21,161
143,"Heavy Construction, Except Highway And Street",1,21,162
144,"Plumbing, Heating And Air-conditioning",1,22,171
145,Painting And Paper Hanging,1,22,172
146,Electrical Work,1,22,173
147,"Masonry, Stonework, Tile Setting, And Plastering",1,22,174
148,Carpentry And Floor Work,1,22,175
149,"Roofing, Siding, And Sheet Metal Work",1,22,176
150,Concrete Work,1,22,177
151,Water Well Drilling,1,22,178
152,Miscellaneous Special Trade Contractors,1,22,179
153,Meat Products,1,23,201
154,Dairy Products,1,23,202
155,"Canned, Frozen, And Preserved Fruits, Vegetables, and Food Specialties",1,23,203
156,Grain Mill Products,1,23,204
157,Bakery Products,1,23,205
158,Sugar And Confectionery Products,1,23,206
159,Fats And Oils,1,23,207
160,Beverages,1,23,208
161,Miscellaneous Food Preparations And Kindred,1,23,209
162,Cigarettes,1,24,211
163,Cigars,1,24,212
164,Chewing And Smoking Tobacco And Snuff,1,24,213
165,Tobacco Stemming And Redrying,1,24,214
166,"Broadwoven Fabric Mills, Cotton",1,25,221
167,"Broadwoven Fabric Mills, Manmade Fiber And Silk",1,25,222
168,"Broadwoven Fabric Mills, Wool (including Dyeing and Finishing)",1,25,223
169,"Narrow Fabric And Other Smallwares Mills, Cotton, Wool, Silk, and Manmade Fiber",1,25,224
170,Knitting Mills,1,25,225
171,"Dyeing And Finishing Textiles, Except Wool Fabrics",1,25,226
172,Carpets And Rugs,1,25,227
173,Yarn And Thread Mills,1,25,228
174,Miscellaneous Textile Goods,1,25,229
175,"Men's And Boys' Suits, Coats, And Overcoats",1,26,231
176,"Men's And Boys' Furnishings, Work Clothing, And Allied Garments",1,26,232
177,"Women's, Misses', And Juniors' Outerwear",1,26,233
178,"Women's, Misses', Children's, And Infants'",1,26,234
179,"Hats, Caps, And Millinery",1,26,235
180,"Girls', Children's, And Infants' Outerwear",1,26,236
181,Fur Goods,1,26,237
182,Miscellaneous Apparel And Accessories,1,26,238
183,Miscellaneous Fabricated Textile Products,1,26,239
184,Logging,1,27,241
185,Sawmills And Planing Mills,1,27,242
186,"Millwork, Veneer, Plywood, And Structural Wood",1,27,243
187,Wood Containers,1,27,244
188,Wood Buildings And Mobile Homes,1,27,245
189,Miscellaneous Wood Products,1,27,249
190,Household Furniture,1,28,251
191,Office Furniture,1,28,252
192,Public Building And Related Furniture,1,28,253
193,"Partitions, Shelving, Lockers, And Office And",1,28,254
194,Miscellaneous Furniture And Fixtures,1,28,259
195,Pulp Mills,1,29,261
196,Paper Mills,1,29,262
197,Paperboard Mills,1,29,263
198,Paperboard Containers And Boxes,1,29,265
199,"Converted Paper And Paperboard Products, Except",1,29,267
200,Newspaper,1,30,271
201,Periodical,1,30,272
202,Books,1,30,273
203,Miscellaneous Publishing,1,30,274
204,Commercial Printing,1,30,275
205,Manifold Business Forms,1,30,276
206,"Blankbooks, Looseleaf Binders, And Bookbinding",1,30,278
207,Service Industries For The Printing Trade,1,30,279
208,Industrial Inorganic Chemicals,1,31,281
209,"Plastics Materials And Synthetic Resins, Synthetic",1,31,282
210,Drugs,1,31,283
211,"Soap, Detergents, And Cleaning Preparations; Perfumes, Cosmetics, and Other Toilet Preparations",1,31,284
212,"Paints, Varnishes, Lacquers, Enamels, And Allied",1,31,285
213,Industrial Organic Chemicals,1,31,286
214,Agricultural Chemicals,1,31,287
215,Miscellaneous Chemical Products,1,31,289
216,Petroleum Refining,1,32,291
217,Asphalt Paving And Roofing Materials,1,32,295
218,Miscellaneous Products Of Petroleum And Coal,1,32,299
219,Tires And Inner Tubes,1,33,301
220,Rubber And Plastics Footwear,1,33,302
221,"Gaskets, Packing, And Sealing Devices And Rubber",1,33,305
222,"Fabricated Rubber Products, Not Elsewhere",1,33,306
223,Miscellaneous Plastics Products,1,33,308
224,Leather Tanning And Finishing,1,34,311
225,Boot And Shoe Cut Stock And Findings,1,34,313
226,"Footwear, Except Rubber",1,34,314
227,Leather Gloves And Mittens,1,34,315
228,Luggage,1,34,316
229,Handbags And Other Personal Leather Goods,1,34,317
230,"Leather Goods, Not Elsewhere Classified",1,34,319
231,Flat Glass,1,35,321
232,"Glass And Glassware, Pressed Or Blown",1,35,322
233,"Glass Products, Made Of Purchased Glass",1,35,323
234,"Cement, Hydraulic",1,35,324
235,Structural Clay Products,1,35,325
236,Pottery And Related Products,1,35,326
237,"Concrete, Gypsum, And Plaster Products",1,35,327
238,Cut Stone And Stone Products,1,35,328
239,"Abrasive, Asbestos, And Miscellaneous",1,35,329
240,"Steel Works, Blast Furnaces, And Rolling And Finishing Mills",1,36,331
241,Iron And Steel Foundries,1,36,332
242,Primary Smelting And Refining Of Nonferrous,1,36,333
243,Secondary Smelting And Refining Of Nonferrous,1,36,334
244,"Rolling, Drawing, And Extruding Of Nonferrous",1,36,335
245,Nonferrous Foundries (castings),1,36,336
246,Miscellaneous Primary Metal Products,1,36,339
247,Metal Cans And Shipping Containers,1,37,341
248,"Cutlery, Handtools, And General Hardware",1,37,342
249,"Heating Equipment, Except Electric And Warm Air;",1,37,343
250,Fabricated Structural Metal Products,1,37,344
251,"Screw Machine Products, And Bolts, Nuts, Screws, Rivets, And Washers",1,37,345
252,Metal Forgings And Stampings,1,37,346
253,"Coating, Engraving, And Allied Services",1,37,347
254,"Ordnance And Accessories, Except Vehicles And Guided Missiles",1,37,348
255,Miscellaneous Fabricated Metal Products,1,37,349
256,Engines And Turbines,1,38,351
257,Farm And Garden Machinery And Equipment,1,38,352
258,"Construction, Mining, And Materials Handling",1,38,353
259,Metalworking Machinery And Equipment,1,38,354
260,"Special Industry Machinery, Except Metalworking",1,38,355
261,General Industrial Machinery And Equipment,1,38,356
262,Computer And Office Equipment,1,38,357
263,Refrigeration And Service Industry Machinery,1,38,358
264,Miscellaneous Industrial And Commercial,1,38,359
265,Electric Transmission And Distribution Equipment,1,39,361
266,Electrical Industrial Apparatus,1,39,362
267,Household Appliances,1,39,363
268,Electric Lighting And Wiring Equipment,1,39,364
269,"Household Audio And Video Equipment, And Audio",1,39,365
270,Communications Equipment,1,39,366
271,Electronic Components And Accessories,1,39,367
272,"Miscellaneous Electrical Machinery, Equipment, and Supplies",1,39,369
273,Motor Vehicles And Motor Vehicle Equipment,1,40,371
274,Aircraft And Parts,1,40,372
275,Ship And Boat Building And Repairing,1,40,373
276,Railroad Equipment,1,40,374
277,"Motorcycles, Bicycles, And Parts",1,40,375
278,Guided Missiles And Space Vehicles And Parts,1,40,376
279,Miscellaneous Transportation Equipment,1,40,379
280,"Search, Detection, Navigation, Guidance, Aeronautical, and Nautical Systems, Instruments, and Equipment",1,41,381
281,"Laboratory Apparatus And Analytical, Optical, Measuring, and Controlling Instruments",1,41,382
282,"Surgical, Medical, And Dental Instruments And Supplies",1,41,384
283,Ophthalmic Goods,1,41,385
284,Photographic Equipment And Supplies,1,41,386
285,"Watches, Clocks, Clockwork Operated Devices, and Parts",1,41,387
286,"Jewelry, Silverware, And Plated Ware",1,42,391
287,Musical Instruments,1,42,393
288,"Dolls, Toys, Games And Sporting And Athletic",1,42,394
289,"Pens, Pencils, And Other Artists Materials",1,42,395
290,"Costume Jewelry, Costume Novelties, Buttons, And Miscellaneous Notions, Ecept Precious Metal",1,42,396
291,Miscellaneous Manufacturing Industries,1,42,399
292,Railroads,1,43,401
293,Local And Suburban Passenger Transportation,1,44,411
294,Taxicabs,1,44,412
295,Intercity And Rural Bus Transportation,1,44,413
296,Bus Charter Service,1,44,414
297,School Buses,1,44,415
298,Terminal And Service Facilities For Motor Vehicle,1,44,417
299,"Trucking And Courier Services, Except Air",1,45,421
300,Public Warehousing And Storage,1,45,422
301,Terminal And Joint Terminal Maintenance,1,45,423
1149,Refuse Systems,1,325,4953
302,United States Postal Service,1,46,431
303,Deep Sea Foreign Transportation Of Freight,1,47,441
304,Deep Sea Domestic Transportation Of Freight,1,47,442
305,Freight Transportation On The Great Lakes-st.,1,47,443
306,"Water Transportation Of Freight, Not Elsewhere",1,47,444
307,Water Transportation Of Passengers,1,47,448
308,Services Incidental To Water Transportation,1,47,449
309,"Air Transportation, Scheduled, And Air Courier",1,48,451
310,"Air Transportation, Nonscheduled",1,48,452
311,"Airports, Flying Fields, And Airport Terminal",1,48,458
312,"Pipelines, Except Natural Gas",1,49,461
313,Arrangement Of Passenger Transportation,1,50,472
314,Arrangement Of Transportation Of Freight And Cargo,1,50,473
315,Rental Of Railroad Cars,1,50,474
316,Miscellaneous Services Incidental To Transportation,1,50,478
317,Telephone Communications,1,51,481
318,Telegraph And Other Message Communications,1,51,482
319,Radio And Television Broadcasting Stations,1,51,483
320,Cable And Other Pay Television Services,1,51,484
321,"Communications Services, Not Elsewhere",1,51,489
322,Gas Production And Distribution,1,52,492
323,"Combination Electric And Gas, And Other Utility",1,52,493
324,Water Supply,1,52,494
325,Sanitary Services,1,52,495
326,Steam And Air-conditioning Supply,1,52,496
327,Irrigation Systems,1,52,497
328,Motor Vehicles And Motor Vehicle Parts And Supplies,1,53,501
329,Furniture And Home Furnishings,1,53,502
330,Lumber And Other Construction Materials,1,53,503
331,Professional And Commercial Equipment And Supplies,1,53,504
332,"Metals And Minerals, Except Petroleum",1,53,505
333,Electrical Goods,1,53,506
334,"Hardware, And Plumbing And Heating Equipment",1,53,507
335,"Machinery, Equipment, And Supplies",1,53,508
336,Miscellaneous Durable Goods,1,53,509
337,Paper And Paper Products,1,54,511
338,"Drugs, Drug Proprietaries, And Druggists' Sundries",1,54,512
339,"Apparel, Piece Goods, And Notions",1,54,513
340,Groceries And Related Products,1,54,514
341,Farm-product Raw Materials,1,54,515
342,Chemicals And Allied Products,1,54,516
343,Petroleum And Petroleum Products,1,54,517
344,"Beer, Wine, And Distilled Alcoholic Beverages",1,54,518
345,Miscellaneous Non-durable Goods,1,54,519
346,Lumber And Other Building Materials Dealers,1,55,521
347,"Paint, Glass And Wallpaper Stores",1,55,523
348,Hardware Stores,1,55,525
349,"Retail Nurseries, Lawn And Garden Supply Stores",1,55,526
350,Mobile Home Dealers,1,55,527
351,Department Stores,1,56,531
352,Variety Stores,1,56,533
353,Miscellaneous General Merchandise Stores,1,56,539
354,Grocery Stores,1,57,541
355,"Meat And Fish (seafood) Markets, Including",1,57,542
356,Fruit And Vegetable Markets,1,57,543
357,"Candy, Nut, And Confectionery Stores",1,57,544
358,Dairy Products Stores,1,57,545
359,Retail Bakeries,1,57,546
360,Miscellaneous Food Stores,1,57,549
361,Motor Vehicle Dealers (new And Used),1,58,551
362,Motor Vehicle Dealers (used Only),1,58,552
363,Auto And Home Supply Stores,1,58,553
364,Gasoline Service Stations,1,58,554
365,Boat Dealers,1,58,555
366,Recreational Vehicle Dealers,1,58,556
367,Motorcycle Dealers,1,58,557
368,"Automotive Dealers, Not Elsewhere Classified",1,58,559
369,Men's And Boys' Clothing And Accessory Stores,1,59,561
370,Women's Clothing Stores,1,59,562
371,Women's Accessory And Specialty Stores,1,59,563
372,Children's And Infants' Wear Stores,1,59,564
373,Family Clothing Stores,1,59,565
374,Shoe Stores,1,59,566
375,Miscellaneous Apparel And Accessory Stores,1,59,569
376,Home Furniture And Furnishings Stores,1,60,571
377,Household Appliance Stores,1,60,572
378,"Radio, Television, Consumer Electronics, And Music Stores",1,60,573
379,Eating And Drinking Places,1,61,581
380,Drug Stores And Proprietary Stores,1,62,591
381,Liquor Stores,1,62,592
382,Used Merchandise Stores,1,62,593
383,Miscellaneous Shopping Goods Stores,1,62,594
384,Nonstore Retailers,1,62,596
385,Fuel Dealers,1,62,598
386,"Retail Stores, Not Elsewhere Classified",1,62,599
387,Central Reserve Depository Institutions,1,63,601
388,Commercial Banks,1,63,602
389,Savings Institutions,1,63,603
390,Credit Unions,1,63,606
391,Foreign Banking And Branches And Agencies Of,1,63,608
392,Functions Related To Depository Banking,1,63,609
393,Federal And Federally-sponsored Credit Agencies,1,64,611
394,Personal Credit Institutions,1,64,614
395,Business Credit Institutions,1,64,615
396,Mortgage Bankers And Brokers,1,64,616
397,"Security Brokers, Dealers, And Flotation",1,65,621
398,Commodity Contracts Brokers And Dealers,1,65,622
399,Security And Commodity Exchanges,1,65,623
400,Services Allied With The Exchange Of Securities,1,65,628
401,Life Insurance,1,66,631
402,Accident And Health Insurance And Medical,1,66,632
403,"Fire, Marine, And Casualty Insurance",1,66,633
404,Surety Insurance,1,66,635
405,Title Insurance,1,66,636
406,"Pension, Health, And Welfare Funds",1,66,637
407,"Insurance Carriers, Not Elsewhere Classified",1,66,639
408,"Insurance Agents, Brokers, And Service",1,67,641
409,Real Estate Operators (except Developers) And Lessors,1,68,651
410,Real Estate Agents And Managers,1,68,653
411,Title Abstract Offices,1,68,654
412,Land Subdividers And Developers,1,68,655
413,Holding Offices,1,69,671
414,Investment Offices,1,69,672
415,Trusts,1,69,673
416,Miscellaneous Investing,1,69,679
417,Hotels And Motels,1,70,701
418,Rooming And Boarding Houses,1,70,702
419,Camps And Recreational Vehicle Parks,1,70,703
420,"Organization Hotels And Lodging Houses, On",1,70,704
421,"Laundry, Cleaning, And Garment Services",1,71,721
422,"Photographic Studios, Portrait",1,71,722
423,Beauty Shops,1,71,723
424,Barber Shops,1,71,724
425,Shoe Repair Shops And Shoeshine Parlors,1,71,725
426,Funeral Service And Crematories,1,71,726
427,Miscellaneous Personal Services,1,71,729
428,Advertising,1,72,731
429,"Consumer Credit Reporting Agencies, Mercantile",1,72,732
430,"Mailing, Reproduction, Commercial Art And Photography, and Stenographic Services",1,72,733
431,Services To Dwellings And Other Buildings,1,72,734
432,Miscellaneous Equipment Rental And Leasing,1,72,735
433,Personnel Supply Services,1,72,736
434,"Computer Programming, Data Processing, And Other Computer Related Services",1,72,737
435,Miscellaneous Business Services,1,72,738
436,"Automotive Rental And Leasing, Without Drivers",1,73,751
437,Automobile Parking,1,73,752
438,Automotive Repair Shops,1,73,753
439,"Automotive Services, Except Repair",1,73,754
440,Electrical Repair Shops,1,74,762
441,"Watch, Clock, And Jewelry Repair",1,74,763
442,Reupholstery And Furniture Repair,1,74,764
443,Miscellaneous Repair Shops And Related Services,1,74,769
444,Motion Picture Production And Allied Services,1,75,781
445,Motion Picture Distribution And Allied Services,1,75,782
446,Motion Picture Theaters,1,75,783
447,Video Tape Rental,1,75,784
448,"Dance Studios, Schools, And Halls",1,76,791
449,"Theatrical Producers (except Motion Picture),",1,76,792
450,Bowling Centers,1,76,793
451,Commercial Sports,1,76,794
452,Miscellaneous Amusement And Recreation,1,76,799
453,Offices And Clinics Of Doctors Of Medicine,1,77,801
454,Offices And Clinics Of Dentists,1,77,802
455,Offices And Clinics Of Doctors Of Osteopathy,1,77,803
456,Offices And Clinics Of Other Health Practitioners,1,77,804
457,Nursing And Personal Care Facilities,1,77,805
458,Hospitals,1,77,806
459,Medical And Dental Laboratories,1,77,807
460,Home Health Care Services,1,77,808
461,"Miscellaneous Health And Allied Services, Not",1,77,809
462,Legal Services,1,78,811
463,Elementary And Secondary Schools,1,79,821
464,"Colleges, Universities, Professional Schools, And",1,79,822
465,Libraries,1,79,823
466,Vocational Schools,1,79,824
467,"Schools And Educational Services, Not Elsewhere",1,79,829
468,Individual And Family Social Services,1,80,832
469,Job Training And Vocational Rehabilitation,1,80,833
470,Child Day Care Services,1,80,835
471,Residential Care,1,80,836
472,"Social Services, Not Elsewhere Classified",1,80,839
473,Museums And Art Galleries,1,81,841
474,Arboreta And Botanical Or Zoological Gardens,1,81,842
475,Business Associations,1,82,861
476,Professional Membership Organizations,1,82,862
477,Labor Unions And Similar Labor Organizations,1,82,863
478,"Civic, Social, And Fraternal Associations",1,82,864
479,Political Organizations,1,82,865
480,Religious Organizations,1,82,866
481,"Membership Organizations, Not Elsewhere",1,82,869
482,"Engineering, Architectural, And Surveying",1,83,871
483,"Accounting, Auditing, And Bookkeeping Services",1,83,872
484,"Research, Development, And Testing Services",1,83,873
485,Management And Public Relations Services,1,83,874
486,Private Households,1,84,881
487,Miscellaneous Services,1,85,899
488,Executive Offices,1,86,911
489,Legislative Bodies,1,86,912
490,Executive And Legislative Offices Combined,1,86,913
491,"General Government, Not Elsewhere Classified",1,86,919
492,Courts,1,87,921
493,Public Order And Safety,1,87,922
494,"Public Finance, Taxation, And Monetary Policy",1,88,931
495,Administration Of Educational Programs,1,89,941
496,Administration Of Public Health Programs,1,89,943
497,"Administration Of Social, Human Resource And",1,89,944
498,"Administration Of Veteran's Affairs, Except",1,89,945
499,Administration Of Environmental Quality,1,90,951
500,Administration Of Housing And Urban,1,90,953
501,Administration Of General Economic Programs,1,91,961
502,Regulation And Administration Of Transportation,1,91,962
503,Regulation And Administration Of,1,91,963
504,Regulation Of Agricultural Marketing And,1,91,964
505,"Regulation, Licensing, And Inspection Of",1,91,965
506,Space Research And Technology,1,91,966
507,National Security,1,92,971
508,International Affairs,1,92,972
509,Nonclassifiable Establishments,1,93,999
510,Gum and Wood Chemicals,1,213,2861
511,"Aluminum Rolling and Drawing, Not Elsewhere Classified",1,244,3355
512,Florists,1,386,5992
513,Wheat,1,96,0111
514,Rice,1,96,0112
515,Corn,1,96,0115
516,Soybeans,1,96,0116
517,"Cash Grains, Not Elsewhere Classified",1,96,0119
518,Cotton,1,97,0131
519,Tobacco,1,97,0132
520,Sugarcane and Sugar Beets,1,97,0133
521,Irish Potatoes,1,97,0134
522,"Field Crops, Except Cash Grains, Not Elsewhere Classified",1,97,0139
523,Vegetables and Melons,1,98,0161
524,Berry Crops,1,99,0171
525,Grapes,1,99,0172
526,Tree Nuts,1,99,0173
527,Citrus Fruits,1,99,0174
528,Deciduous Tree Fruits,1,99,0175
529,"Fruits and Tree Nuts, Not Elsewhere Classified",1,99,0179
530,Ornamental Floriculture and Nursery Products,1,100,0181
531,Food Crops Grown Under Cover,1,100,0182
532,"General Farms, Primarily Crop",1,101,0191
533,Beef Cattle Feedlots,1,102,0211
534,"Beef Cattle, Except Feedlots",1,102,0212
535,Hogs,1,102,0213
536,Sheep and Goats,1,102,0214
537,"General Livestock, Except Dairy and Poultry",1,102,0219
538,Dairy Farms,1,103,0241
539,"Broiler, Fryer, and Roaster Chickens",1,104,0251
540,Chicken Eggs,1,104,0252
541,Turkeys and Turkey Eggs,1,104,0253
542,Poultry Hatcheries,1,104,0254
543,"Poultry and Eggs, Not Elsewhere Classified",1,104,0259
544,Fur-Bearing Animals and Rabbits,1,105,0271
545,Horses and Other Equines,1,105,0272
546,Animal Aquaculture,1,105,0273
547,"Animal Specialties, Not Elsewhere Classified",1,105,0279
548,"General Farms, Primarily Livestock and Animal Specialties",1,106,0291
549,Soil Preparation Services,1,107,0711
550,"Crop Planting, Cultivating, and Protecting",1,108,0721
551,"Crop Harvesting, Primarily by Machine",1,108,0722
552,"Crop Preparation Services for Market, Except Cotton Ginning",1,108,0723
553,Cotton Ginning,1,108,0724
554,Veterinary Services for Livestock,1,109,0741
555,Veterinary Services for Animal Specialties,1,109,0742
556,"Livestock Services, Except Veterinary",1,110,0751
557,"Animal Specialty Services, Except Veterinary",1,110,0752
558,Farm Labor Contractors and Crew Leaders,1,111,0761
559,Farm Management Services,1,111,0762
560,Landscape Counseling and Planning,1,112,0781
561,Lawn and Garden Services,1,112,0782
562,Ornamental Shrub and Tree Services,1,112,0783
563,Timber Tracts,1,113,0811
564,Forest Nurseries and Gathering of Forest Products,1,114,0831
565,Forestry Services,1,115,0851
566,Finfish,1,116,0912
567,Shellfish,1,116,0913
568,Miscellaneous Marine Products,1,116,0919
569,Fish Hatcheries and Preserves,1,117,0921
570,"Hunting and Trapping, and Game Propagation",1,118,0971
571,Iron Ores,1,119,1011
572,Copper Ores,1,120,1021
573,Lead and Zinc Ores,1,121,1031
574,Gold Ores,1,122,1041
575,Silver Ores,1,122,1044
576,"Ferroalloy Ores, Except Vanadium",1,123,1061
577,Metal Mining Services,1,124,1081
578,Uranium-Radium-Vanadium Ores,1,125,1094
579,"Miscellaneous Metal Ores, Not Elsewhere Classified",1,125,1099
580,Bituminous Coal and Lignite Surface Mining,1,126,1221
581,Bituminous Coal Underground Mining,1,126,1222
582,Anthracite Mining,1,127,1231
583,Coal Mining Services,1,128,1241
584,Crude Petroleum and Natural Gas,1,129,1311
585,Natural Gas Liquids,1,130,1321
586,Drilling Oil and Gas Wells,1,131,1381
587,Oil and Gas Field Exploration Services,1,131,1382
588,"Oil and Gas Field Services, Not Elsewhere Classified",1,131,1389
589,Dimension Stone,1,132,1411
590,Crushed and Broken Limestone,1,133,1422
591,Crushed and Broken Granite,1,133,1423
592,"Crushed and Broken Stone, Not Elsewhere Classified",1,133,1429
593,Construction Sand and Gravel,1,134,1442
594,Industrial Sand,1,134,1446
595,Kaolin and Ball Clay,1,135,1455
596,"Clay, Ceramic, and Refractory Minerals, Not Elsewhere Classified",1,135,1459
597,"Potash, Soda, and Borate Minerals",1,136,1474
598,Phosphate Rock,1,136,1475
599,"Chemical and Fertilizer Mineral Mining, Not Elsewhere Classified",1,136,1479
600,"Nonmetallic Minerals Services, Except Fuels",1,137,1481
601,"Miscellaneous Nonmetallic Minerals, Except Fuels",1,138,1499
602,General Contractors-Single-Family Houses,1,139,1521
603,"General Contractors-Residential Buildings, Other Than Single-Family",1,139,1522
604,Operative Builders,1,140,1531
1243,Motorcycle Dealers,1,367,5571
605,General Contractors-Industrial Buildings and Warehouses,1,141,1541
606,"General Contractors-Nonresidential Buildings, Other than Industrial Buildings and Warehouses",1,141,1542
607,"Highway and Street Construction, Except Elevated Highways",1,142,1611
608,"Bridge, Tunnel, and Elevated Highway Construction",1,143,1622
609,"Water, Sewer, Pipeline, and Communications and Power Line Construction",1,143,1623
610,"Heavy Construction, Not Elsewhere Classified",1,143,1629
611,"Plumbing, Heating and Air-Conditioning",1,144,1711
612,Painting and Paper Hanging,1,145,1721
613,Electrical Work,1,146,1731
614,"Masonry, Stone Setting, and Other Stone Work",1,147,1741
615,"Plastering, Drywall, Acoustical, and Insulation Work",1,147,1742
616,"Terrazzo, Tile, Marble, and Mosaic Work",1,147,1743
617,Carpentry Work,1,148,1751
618,"Floor Laying and Other Floor Work, Not Elsewhere Classified",1,148,1752
619,"Roofing, Siding, and Sheet Metal Work",1,149,1761
620,Concrete Work,1,150,1771
621,Water Well Drilling,1,151,1781
622,Structural Steel Erection,1,152,1791
623,Glass and Glazing Work,1,152,1793
624,Excavation Work,1,152,1794
625,Wrecking and Demolition Work,1,152,1795
626,"Installation or Erection of Building Equipment, Not Elsewhere",1,152,1796
627,"Special Trade Contractors, Not Elsewhere Classified",1,152,1799
628,Meat Packing Plants,1,153,2011
629,Sausages and Other Prepared Meat Products,1,153,2013
630,Poultry Slaughtering and Processing,1,153,2015
631,Creamery Butter,1,154,2021
632,"Natural, Processed, and Imitation Cheese",1,154,2022
633,"Dry, Condensed, and Evaporated Dairy Products",1,154,2023
634,Ice Cream and Frozen Desserts,1,154,2024
635,Fluid Milk,1,154,2026
636,Canned Specialties,1,155,2032
637,"Canned Fruits, Vegetables, Preserves, Jams, and Jellies",1,155,2033
638,"Dried and Dehydrated Fruits, Vegetables, and Soup Mixes",1,155,2034
639,"Pickled Fruits and Vegetables, Vegetable Sauces and Seasonings, and Salad Dressings",1,155,2035
640,"Frozen Fruits, Fruit Juices, and Vegetables",1,155,2037
641,"Frozen Specialties, Not Elsewhere Classified",1,155,2038
642,Flour and Other Grain Mill Products,1,156,2041
643,Cereal Breakfast Foods,1,156,2043
644,Rice Milling,1,156,2044
645,Prepared Flour Mixes and Doughs,1,156,2045
646,Wet Corn Milling,1,156,2046
647,Dog and Cat Food,1,156,2047
648,"Prepared Feed and Feed Ingredients for Animals and Fowls, Except Dogs and Cats",1,156,2048
649,"Bread and Other Bakery Products, Except Cookies and Crackers",1,157,2051
650,Cookies and Crackers,1,157,2052
651,"Frozen Bakery Products, Except Bread",1,157,2053
652,"Cane Sugar, Except Refining",1,158,2061
653,Cane Sugar Refining,1,158,2062
654,Beet Sugar,1,158,2063
655,Candy and Other Confectionery Products,1,158,2064
656,Chocolate and Cocoa Products,1,158,2066
657,Chewing Gum,1,158,2067
658,Salted and Roasted Nuts and Seeds,1,158,2068
659,Cottonseed Oil Mills,1,159,2074
660,Soybean Oil Mills,1,159,2075
661,"Vegetable Oil Mills, Except Corn, Cottonseed, and Soybean",1,159,2076
662,Animal and Marine Fats and Oils,1,159,2077
663,"Shortening, Table Oils, Margarine, and Other Edible Fats and Oils, Not Elsewhere Classified",1,159,2079
664,Malt Beverages,1,160,2082
665,Malt,1,160,2083
666,"Wines, Brandy, and Brandy Spirits",1,160,2084
667,Distilled and Blended Liquors,1,160,2085
668,Bottled and Canned Soft Drinks and Carbonated Waters,1,160,2086
669,"Flavoring Extracts and Flavoring Syrups, Not Elsewhere Classified",1,160,2087
670,Canned and Cured Fish and Seafoods,1,161,2091
671,Prepared Fresh or Frozen Fish and Seafoods,1,161,2092
672,Roasted Coffee,1,161,2095
673,"Potato Chips, Corn Chips, and Similar Snacks",1,161,2096
674,Manufactured Ice,1,161,2097
675,"Macaroni, Spaghetti, Vermicelli, and Noodles",1,161,2098
676,"Food Preparations, Not Elsewhere Classified",1,161,2099
677,Cigarettes,1,162,2111
678,Cigars,1,163,2121
679,Chewing and Smoking Tobacco and Snuff,1,164,2131
680,Tobacco Stemming and Redrying,1,165,2141
681,"Broadwoven Fabric Mills, Cotton",1,166,2211
682,"Broadwoven Fabric Mills, Manmade Fiber and Silk",1,167,2221
683,"Broadwoven Fabric Mills, Wool (Including Dyeing and Finishing)",1,168,2231
684,"Narrow Fabric and Other Smallware Mills: Cotton, Wool, Silk, and Manmade Fiber",1,169,2241
685,"Women's Full-Length and Knee-Length Hosiery, Except Socks",1,170,2251
686,"Hosiery, Not Elsewhere Classified",1,170,2252
687,Knit Outerwear Mills,1,170,2253
688,Knit Underwear and Nightwear Mills,1,170,2254
689,Weft Knit Fabric Mills,1,170,2257
690,Lace and Warp Knit Fabric Mills,1,170,2258
691,"Knitting Mills, Not Elsewhere Classified",1,170,2259
692,Finishers of Broadwoven Fabrics of Cotton,1,171,2261
693,Finishers of Broadwoven Fabrics of Manmade Fiber and Silk,1,171,2262
694,"Finishers of Textiles, Not elsewhere Classified",1,171,2269
695,Carpets and Rugs,1,172,2273
696,Yarn Spinning Mills,1,173,2281
697,"Yarn Texturizing, Throwing, Twisting, and Winding Mills",1,173,2282
698,Thread Mills,1,173,2284
699,"Coated Fabrics, Not Rubberized",1,174,2295
700,Tire Cord and Fabrics,1,174,2296
701,Non-woven Fabrics,1,174,2297
702,Cordage and Twine,1,174,2298
703,"Textile goods, Not Elsewhere Classified",1,174,2299
704,"Men's and Boys' Suits, Coats, and Overcoats",1,175,2311
705,"Men's and Boys' Shirts, Except Work Shirts",1,176,2321
706,Men's and Boys' Underwear and Nightwear,1,176,2322
707,Men's and Boys' Neckwear,1,176,2323
708,Men's and Boys' Separate Trousers and Slacks,1,176,2325
709,Men's and Boys' Work Clothing,1,176,2326
710,"Men's and Boys' Clothing, Not Elsewhere Classified",1,176,2329
711,"Women's, Misses', and Juniors' Blouses and Shirts",1,177,2331
712,"Women's, Misses', and Juniors' Dresses",1,177,2335
713,"Women's, Misses', and Juniors' Suits, Skirts, and Coats",1,177,2337
714,"Women's, Misses', and Juniors' Outerwear, Not Elsewhere Classified",1,177,2339
715,"Women's, Misses', Children's, and Infants' Underwear and Nightwear",1,178,2341
716,"Brassieres, Girdles, and Allied Garments",1,178,2342
717,"Hats, Caps, and Millinery",1,179,2353
718,"Girls', Children's, and Infants' Dresses, Blouses, and Shirts",1,180,2361
719,"Girls', Children's, and Infants' Outerwear, Not Elsewhere Classified",1,180,2369
720,Fur Goods,1,181,2371
721,"Dress and Work Gloves, Except Knit and All-Leather",1,182,2381
722,Robes and Dressing Gowns,1,182,2384
723,Waterproof Outerwear,1,182,2385
724,Leather and Sheep-Lined Clothing,1,182,2386
725,Apparel belts,1,182,2387
726,"Apparel and Accessories, Not Elsewhere Classified",1,182,2389
727,Curtains and Draperies,1,183,2391
728,"House furnishing, Except Curtains and Draperies",1,183,2392
729,Textile Bags,1,183,2393
730,Canvas and Related Products,1,183,2394
731,"Pleating, Decorative and Novelty Stitching, and Tucking for the Trade",1,183,2395
732,"Automotive Trimmings, Apparel Findings, and Related Products",1,183,2396
733,Schiffli Machine Embroideries,1,183,2397
734,"Fabricated Textile Products, Not Elsewhere Classified",1,183,2399
735,Logging,1,184,2411
736,"Sawmills and Planing Mills, General",1,185,2421
737,Hardwood Dimension and Flooring Mills,1,185,2426
738,"Special Product Sawmills, Not Elsewhere Classified",1,185,2429
739,Millwork,1,186,2431
740,Wood Kitchen Cabinets,1,186,2434
741,Hardwood Veneer and Plywood,1,186,2435
742,Softwood Veneer and Plywood,1,186,2436
743,"Structural Wood Members, Not Elsewhere Classified",1,186,2439
744,Nailed and Lock Corner Wood Boxes and Shook,1,187,2441
745,Wood Pallets and Skids,1,187,2448
746,"Wood Containers, Not Elsewhere Classified",1,187,2449
747,Mobile Homes,1,188,2451
748,Prefabricated Wood Buildings and Components,1,188,2452
749,Wood Preserving,1,189,2491
750,Reconstituted Wood Products,1,189,2493
751,"Wood Products, Not Elsewhere Classified",1,189,2499
752,"Wood Household Furniture, Except Upholstered",1,190,2511
753,"Wood Household Furniture, Upholstered",1,190,2512
754,Metal Household Furniture,1,190,2514
755,"Mattresses, Foundations, and Convertible Beds",1,190,2515
756,"Wood Television, Radio, Phonograph, and Sewing Machine Cabinets",1,190,2517
757,"Household Furniture, Not Elsewhere Classified",1,190,2519
758,Wood Office Furniture,1,191,2521
759,"Office Furniture, Except Wood",1,191,2522
760,Public Building and Related Furniture,1,192,2531
761,"Wood Office and Store Fixtures, Partitions, Shelving, and Lockers",1,193,2541
762,"Office and Store Fixtures, Partitions, Shelving, and Lockers, Except Wood",1,193,2542
763,Drapery Hardware and Window Blinds and Shades,1,194,2591
764,"Furniture and Fixtures, Not Elsewhere Classified",1,194,2599
765,Pulp Mills,1,195,2611
766,Paper Mills,1,196,2621
767,Paperboard Mills,1,197,2631
768,Setup Paperboard Boxes,1,198,2652
769,Corrugated and Solid Fiber Boxes,1,198,2653
770,"Fiber Cans, Tubes, Drums, and Similar Products",1,198,2655
771,"Sanitary Food Containers, Except Folding",1,198,2656
772,"Folding Paperboard Boxes, Including Sanitary",1,198,2657
773,"Packaging Paper and Plastics Film, Coated and Laminated",1,199,2671
774,"Coated and Laminated Paper, Not Elsewhere Classified",1,199,2672
775,"Plastics, Foil, and Coated Paper Bags",1,199,2673
776,Uncoated Paper and Multiwall Bags,1,199,2674
777,Die-Cut Paper and Paperboard and Cardboard,1,199,2675
778,Sanitary Paper Products,1,199,2676
779,Envelopes,1,199,2677
780,"Stationery, Tablets, and Related Products",1,199,2678
781,"Converted Paper and Paperboard Products, Not Elsewhere Classified",1,199,2679
782,"Newspapers: Publishing, or Publishing and Printing",1,200,2711
783,"Periodicals: Publishing, or Publishing and Printing",1,201,2721
784,"Books: Publishing, or Publishing and Printing",1,202,2731
785,Book Printing,1,202,2732
786,Miscellaneous Publishing,1,203,2741
787,"Commercial Printing, Lithographic",1,204,2752
788,"Commercial Printing, Gravure",1,204,2754
789,"Commercial Printing, Not Elsewhere Classified",1,204,2759
790,Manifold Business Forms,1,205,2761
791,Greeting Cards,1,94,2771
792,"Blankbooks, Looseleaf Binders and Devices",1,206,2782
793,Bookbinding and Related Work,1,206,2789
794,Typesetting,1,207,2791
795,Platemaking and Related Services,1,207,2796
796,Alkalies and Chlorine,1,208,2812
797,Industrial Gases,1,208,2813
798,Inorganic Pigments,1,208,2816
799,"Industrial Inorganic Chemicals, Not Elsewhere Classified",1,208,2819
800,"Plastics Materials, Synthetic Resins, and Nonvulcanizable Elastomers",1,209,2821
801,Synthetic Rubber (Vulcanizable Elastomers),1,209,2822
802,Cellulosic Manmade Fibers,1,209,2823
803,"Manmade Organic Fibers, Except Cellulosic",1,209,2824
804,Medicinal Chemicals and Botanical Products,1,210,2833
805,Pharmaceutical Preparations,1,210,2834
806,In Vitro and In Vivo Diagnostic Substances,1,210,2835
807,"Biological Products, Except Diagnostic Substances",1,210,2836
808,"Soap and Other Detergents, Except Specialty Cleaners",1,211,2841
809,"Specialty Cleaning, Polishing, and Sanitation Preparations",1,211,2842
810,"Surface Active Agents, Finishing Agents, Sulfonated Oils, and Assistants",1,211,2843
811,"Perfumes, Cosmetics, and Other Toilet Preparations",1,211,2844
812,"Paints, Varnishes, Lacquers, Enamels, and Allied Products",1,212,2851
813,"Cyclic Organic Crudes and Intermediates, and Organic Dyes and Pigments",1,213,2865
814,"Industrial Organic Chemicals, Not Elsewhere Classified",1,213,2869
815,Nitrogenous Fertilizers,1,214,2873
816,Phosphatic Fertilizers,1,214,2874
817,"Fertilizers, Mixing Only",1,214,2875
818,"Pesticides and Agricultural Chemicals, Not Elsewhere Classified",1,214,2879
819,Adhesives and Sealants,1,215,2891
820,Explosives,1,215,2892
821,Printing Ink,1,215,2893
822,Carbon Black,1,215,2895
823,"Chemicals and Chemical Preparations, Not Elsewhere Classified",1,215,2899
824,Petroleum Refining,1,216,2911
825,Asphalt Paving Mixtures and Blocks,1,217,2951
826,Asphalt Felts and Coatings,1,217,2952
827,Lubricating Oils and Greases,1,218,2992
828,"Products of Petroleum and Coal, Not Elsewhere Classified",1,218,2999
829,Tires and Inner Tubes,1,219,3011
830,Rubber and Plastics Footwear,1,220,3021
831,Rubber and Plastics Hose and Belting,1,221,3052
832,"Gaskets, Packing, and Sealing Devices",1,221,3053
833,"Molded, Extruded, and Lathe-Cut Mechanical Rubber Goods",1,222,3061
834,"Fabricated Rubber Products, Not Elsewhere Classified",1,222,3069
835,Unsupported Plastics Film and Sheet,1,223,3081
836,Unsupported Plastics Profile Shapes,1,223,3082
837,"Laminated Plastics Plate, Sheet, and Profile Shapes",1,223,3083
838,Plastics Pipe,1,223,3084
839,Plastics Bottles,1,223,3085
840,Plastics Foam Products,1,223,3086
841,Custom Compounding of Purchased Plastics Resins,1,223,3087
842,Plastics Plumbing Fixtures,1,223,3088
843,"Plastics Products, Not Elsewhere Classified",1,223,3089
844,Leather Tanning and Finishing,1,224,3111
845,Boot and Shoe Cut Stock and Findings,1,225,3131
846,House Slippers,1,226,3142
847,"Men's Footwear, Except Athletic",1,226,3143
848,"Women's Footwear, Except Athletic",1,226,3144
849,"Footwear, Except Rubber, Not Elsewhere Classified",1,226,3149
850,Leather Gloves and Mittens,1,227,3151
851,Luggage,1,228,3161
852,Women's Handbags and Purses,1,229,3171
853,"Personal Leather Goods, Except Women's Handbags and Purses",1,229,3172
854,"Leather Goods, Not Elsewhere Classified",1,230,3199
855,Flat Glass,1,231,3211
856,Glass Containers,1,232,3221
857,"Pressed and Blown Glass and Glassware, Not Elsewhere Classified",1,232,3229
858,"Glass Products, Made of Purchased Glass",1,233,3231
859,"Cement, Hydraulic",1,234,3241
860,Brick and Structural Clay Tile,1,235,3251
861,Ceramic Wall and Floor Tile,1,235,3253
862,Clay Refractories,1,235,3255
863,"Structural Clay Products, Not Elsewhere Classified",1,235,3259
864,Vitreous China Plumbing Fixtures and China and Earthenware Fittings and Bathroom Accessories,1,236,3261
865,Vitreous China Table and Kitchen Articles,1,236,3262
866,Fine Earthenware (Whiteware) Table and Kitchen Articles,1,236,3263
867,Porcelain Electrical Supplies,1,236,3264
868,"Pottery Products, Not Elsewhere Classified",1,236,3269
869,Concrete Block and Brick,1,237,3271
870,"Concrete Products, Except Block and Brick",1,237,3272
871,Ready-Mixed Concrete,1,237,3273
872,Lime,1,237,3274
873,Gypsum Products,1,237,3275
874,Cut Stone and Stone Products,1,238,3281
875,Abrasive Products,1,239,3291
876,Asbestos Products,1,239,3292
877,"Minerals and Earths, Ground or Otherwise Treated",1,239,3295
878,Mineral Wool,1,239,3296
879,Nonclay Refractories,1,239,3297
880,"Nonmetallic Mineral Products, Not Elsewhere Classified",1,239,3299
881,"Steel Works, Blast Furnaces (Including Coke Ovens), and Rolling Mills",1,240,3312
882,"Electrometallurgical Products, Except Steel",1,240,3313
883,Steel Wiredrawing and Steel Nails and Spikes,1,240,3315
884,"Cold-Rolled Steel Sheet, Strip, and Bars",1,240,3316
885,Steel Pipe and Tubes,1,240,3317
886,Gray and Ductile Iron Foundries,1,241,3321
887,Malleable Iron Foundries,1,241,3322
888,Steel Investment Foundries,1,241,3324
889,"Steel Foundries, Not Elsewhere Classified",1,241,3325
890,Primary Smelting and Refining of Copper,1,242,3331
891,Primary Production of Aluminum,1,242,3334
892,"Primary Smelting and Refining of Nonferrous Metals, Except Copper and Aluminum",1,242,3339
893,Secondary Smelting and Refining of Nonferrous Metals,1,243,3341
894,"Rolling, Drawing, and Extruding Of Copper",1,244,3351
895,"Aluminum Sheet, Plate, and Foil",1,244,3353
896,Aluminum Extruded Products,1,244,3354
897,"Rolling, Drawing, and Extruding of Nonferrous Metals, Except Copper and Aluminum",1,244,3356
898,Drawing and Insulating of Nonferrous Wire,1,244,3357
899,Aluminum Die-Castings,1,245,3363
900,"Nonferrous Die-Castings, Except Aluminum",1,245,3364
901,Aluminum Foundries,1,245,3365
902,Copper Foundries,1,245,3366
903,"Nonferrous Foundries, Except Aluminum and Copper",1,245,3369
904,Metal Heat Treating,1,246,3398
905,"Primary Metal Products, Not Elsewhere Classified",1,246,3399
906,Metal Cans,1,247,3411
907,"Metal Shipping Barrels, Drums, Kegs, and Pails",1,247,3412
908,Cutlery,1,248,3421
909,"Hand and Edge Tools, Except Machine Tools and Handsaws",1,248,3423
910,Saw Blades and Handsaws,1,248,3425
911,"Hardware, Not Elsewhere Classified",1,248,3429
912,Enameled Iron and Metal Sanitary Ware,1,249,3431
913,Plumbing Fixture Fittings and Trim,1,249,3432
914,"Heating Equipment, Except Electric and Warm Air Furnaces",1,249,3433
915,Fabricated Structural Metal,1,250,3441
916,"Metal Doors, Sash, Frames, Molding, and Trim Manufacturing",1,250,3442
917,Fabricated Plate Work (Boiler Shops),1,250,3443
918,Sheet Metal Work,1,250,3444
919,Architectural and Ornamental Metal Work,1,250,3446
920,Prefabricated Metal Buildings and Components,1,250,3448
921,Miscellaneous Structural Metal Work,1,250,3449
922,Screw Machine Products,1,251,3451
923,"Bolts, Nuts, Screws, Rivets, and Washers",1,251,3452
924,Iron and Steel Forgings,1,252,3462
925,Nonferrous Forgings,1,252,3463
926,Automotive Stampings,1,252,3465
927,Crowns and Closures,1,252,3466
928,"Metal Stampings, Not Elsewhere Classified",1,252,3469
929,"Electroplating, Plating, Polishing, Anodizing, and Coloring",1,253,3471
930,"Coating, Engraving, and Allied Services, Not Elsewhere Classified",1,253,3479
931,Small Arms Ammunition,1,254,3482
932,"Ammunition, Except for Small Arms",1,254,3483
933,Small Arms,1,254,3484
934,"Ordnance and Accessories, Not Elsewhere Classified",1,254,3489
935,Industrial Valves,1,255,3491
936,Fluid Power Valves and Hose Fittings,1,255,3492
937,"Steel Springs, Except Wire",1,255,3493
938,"Valves and Pipe Fittings, Not Elsewhere Classified",1,255,3494
939,Wire Springs,1,255,3495
940,Miscellaneous Fabricated Wire Products,1,255,3496
941,Metal Foil and Leaf,1,255,3497
942,Fabricated Pipe and Pipe Fittings,1,255,3498
943,"Fabricated Metal Products, Not Elsewhere Classified",1,255,3499
944,"Steam, Gas, and Hydraulic Turbines, and Turbine Generator Set Units",1,256,3511
945,"Internal Combustion Engines, Not Elsewhere Classified",1,256,3519
946,Farm Machinery and Equipment,1,257,3523
947,Lawn and Garden Tractors and Home Lawn and Garden Equipment,1,257,3524
948,Construction Machinery and Equipment,1,258,3531
949,"Mining Machinery and Equipment, Except Oil and Gas Field Machinery and Equipment",1,258,3532
950,Oil and Gas Field Machinery and Equipment,1,258,3533
951,Elevators and Moving Stairways,1,258,3534
952,Conveyors and Conveying Equipment,1,258,3535
953,"Overhead Traveling Cranes, Hoists, and Monorail Systems",1,258,3536
954,"Industrial Trucks, Tractors, Trailers, and Stackers",1,258,3537
955,"Machine Tools, Metal Cutting Types",1,259,3541
956,"Machine Tools, Metal Forming Types",1,259,3542
957,Industrial Patterns,1,259,3543
958,"Special Dies and Tools, Die Sets, Jigs and Fixtures, and Industrial Molds",1,259,3544
959,"Cutting Tools, Machine Tool Accessories, and Machinists' Precision Measuring Devices",1,259,3545
960,Power-Driven Handtools,1,259,3546
961,Rolling Mill Machinery and Equipment,1,259,3547
962,Electric and Gas Welding and Soldering Equipment,1,259,3548
963,"Metalworking Machinery, Not Elsewhere Classified",1,259,3549
964,Textile Machinery,1,260,3552
965,Woodworking Machinery,1,260,3553
966,Paper Industries Machinery,1,260,3554
967,Printing Trades Machinery and Equipment,1,260,3555
968,Food Products Machinery,1,260,3556
969,"Special Industry Machinery, Not Elsewhere Classified",1,260,3559
970,Pumps and Pumping Equipment,1,261,3561
971,Ball and Roller Bearings,1,261,3562
972,Air and Gas Compressors,1,261,3563
973,Industrial and Commercial Fans and Blowers and Air Purification Equipment,1,261,3564
974,Packaging Machinery,1,261,3565
975,"Speed Changers, Industrial High-Speed Drives, and Gears",1,261,3566
976,Industrial Process Furnaces and Ovens,1,261,3567
977,"Mechanical Power Transmission Equipment, Not Elsewhere Classified",1,261,3568
978,"General Industrial Machinery and Equipment, Not Elsewhere",1,261,3569
979,Electronic Computers,1,262,3571
980,Computer Storage Devices,1,262,3572
981,Computer Terminals,1,262,3575
982,"Computer Peripheral Equipment, Not Elsewhere Classified",1,262,3577
983,"Calculating and Accounting Machines, Except Electronic Computers",1,262,3578
984,"Office Machines, Not Elsewhere Classified",1,262,3579
985,Automatic Vending Machines,1,263,3581
986,"Commercial Laundry, Drycleaning, and Pressing Machines",1,263,3582
987,Air-Conditioning and Warm Air Heating Equipment and Commercial and Industrial Refrigeration Equipment,1,263,3585
988,Measuring and Dispensing Pumps,1,263,3586
989,"Service Industry Machinery, Not Elsewhere Classified",1,263,3589
990,"Carburetors, Pistons, Piston Rings, and Valves",1,264,3592
991,Fluid Power Cylinders and Actuators,1,264,3593
992,Fluid Power Pumps and Motors,1,264,3594
993,"Scales and Balances, Except Laboratory",1,264,3596
994,"Industrial and Commercial Machinery and Equipment, Not Elsewhere Classified",1,264,3599
995,"Power, Distribution, and Specialty Transformers",1,265,3612
996,Switchgear and Switchboard Apparatus,1,265,3613
997,Motors and Generators,1,266,3621
998,Carbon and Graphite Products,1,266,3624
999,Relays and Industrial Controls,1,266,3625
1000,Jewelry Stores,1,383,5944
1001,"Electrical Industrial Apparatus, Not Elsewhere Classified",1,266,3629
1002,Household Cooking Equipment,1,267,3631
1003,Household Refrigerators and HOme and Farm Freezers,1,267,3632
1004,Household Laundry Equipment,1,267,3633
1005,Electric Housewares and Fans,1,267,3634
1006,Household Vacuum Cleaners,1,267,3635
1007,"Household Appliances, Not Elsewhere Classified",1,267,3639
1008,Electric Lamp Bulbs and Tubes,1,268,3641
1009,Current-Carrying Wiring Devices,1,268,3643
1010,Noncurrent-Carrying Wiring Devices,1,268,3644
1011,Residential Electric Lighting Fixtures,1,268,3645
1012,"Commercial, Industrial, and Institutional Electric Lighting Fixtures",1,268,3646
1013,Vehicular Lighting Equipment,1,268,3647
1014,"Lighting Equipment, Not Elsewhere Classified",1,268,3648
1015,Household Audio and Video Equipment,1,269,3651
1016,Phonograph Records and Prerecorded Audio Tapes and Disks,1,269,3652
1017,Telephone and Telegraph Apparatus,1,270,3661
1018,Radio and Television Broadcasting and Communications Equipment,1,270,3663
1019,"Communications Equipment, Not Elsewhere Classified",1,270,3669
1020,Electron Tubes,1,271,3671
1021,Printed Circuit Boards,1,271,3672
1022,Semiconductors and Related Devices,1,271,3674
1023,Electronic Capacitors,1,271,3675
1024,Electronic Resistors,1,271,3676
1025,"Electronic Coils, Transformers, and Other Inductors",1,271,3677
1026,Electronic Connectors,1,271,3678
1027,"Electronic Components, Not Elsewhere Classified",1,271,3679
1028,Storage Batteries,1,272,3691
1029,"Primary Batteries, Dry and Wet",1,272,3692
1030,Electrical Equipment for Internal Combustion Engines,1,272,3694
1031,Magnetic And Optical Recording Media,1,272,3695
1032,"Electrical Machinery, Equipment, and Supplies, Not Elsewhere",1,272,3699
1033,Motor Vehicles and Passenger Car Bodies,1,273,3711
1034,Truck and Bus Bodies,1,273,3713
1035,Motor Vehicle Parts and Accessories,1,273,3714
1036,Truck Trailers,1,273,3715
1037,Motor Homes,1,273,3716
1038,Aircraft,1,274,3721
1039,Aircraft Engines and Engine Parts,1,274,3724
1040,"Aircraft Parts and Auxiliary Equipment, Not Elsewhere Classified",1,274,3728
1041,Ship Building and Repairing,1,275,3731
1042,Boat Building and Repairing,1,275,3732
1043,Railroad Equipment,1,276,3743
1044,"Motorcycles, Bicycles, and Parts",1,277,3751
1045,Guided Missiles and Space Vehicles,1,278,3761
1046,Guided Missile and Space Vehicle Propulsion Units and Propulsion Unit Parts,1,278,3764
1047,"Guided Missile Space Vehicle Parts and Auxiliary Equipment, Not Elsewhere Classified",1,278,3769
1048,Travel Trailers and Campers,1,279,3792
1049,Tanks and Tank Components,1,279,3795
1050,"Transportation Equipment, Not Elsewhere Classified",1,279,3799
1051,"Search, Detection, Navigation, Guidance, Aeronautical, and Nautical Systems and Instruments",1,280,3812
1052,Laboratory Apparatus and Furniture,1,281,3821
1053,Automatic Controls for Regulating Residential and Commercial Environments and Appliances,1,281,3822
1054,"Industrial Instruments for Measurement, Display, and Control of Process Variables; and Related Products",1,281,3823
1055,Totalizing Fluid Meters and Counting Devices,1,281,3824
1056,Instruments for Measuring and Testing of Electricity and Electrical Signals,1,281,3825
1057,Laboratory Analytical Instruments,1,281,3826
1058,Optical Instruments and Lenses,1,281,3827
1059,"Measuring and Controlling Devices, Not Elsewhere Classified",1,281,3829
1060,Surgical and Medical Instruments and Apparatus,1,282,3841
1061,"Orthopedic, Prosthetic, and Surgical Appliances and Supplies",1,282,3842
1062,Dental Equipment and Supplies,1,282,3843
1063,X-Ray Apparatus and Tubes and Related Irradiation Apparatus,1,282,3844
1064,Electromedical and Electrotherapeutic Apparatus,1,282,3845
1065,Ophthalmic Goods,1,283,3851
1066,Photographic Equipment and Supplies,1,284,3861
1067,"Watches, Clocks, Clockwork Operated Devices, and Parts",1,285,3873
1068,"Jewelry, Precious Metal",1,286,3911
1069,"Silverware, Plated Ware, and Stainless Steel Ware",1,286,3914
1070,"Jewelers' Findings and Materials, and Lapidary Work",1,286,3915
1071,Musical Instruments,1,287,3931
1072,Dolls and Stuffed Toys,1,288,3942
1073,"Games, Toys, and Children's Vehicles, Except Dolls and Bicycles",1,288,3944
1074,"Sporting and Athletic Goods, Not Elsewhere Classified",1,288,3949
1075,"Pens, Mechanical Pencils, and Parts",1,289,3951
1076,"Lead Pencils, Crayons, and Artists' Materials",1,289,3952
1077,Marking Devices,1,289,3953
1078,Carbon Paper and Inked Ribbons,1,289,3955
1079,"Costume Jewelry and Costume Novelties, Except Precious Metal",1,290,3961
1080,"Fasteners, Buttons, Needles, and Pins",1,290,3965
1081,Brooms and Brushes,1,291,3991
1082,Signs and Advertising Specialties,1,291,3993
1083,Burial Caskets,1,291,3995
1084,"Linoleum, Asphalted-Felt-Base, and Other Hard Surface Floor Coverings, Not Elsewhere Classified",1,291,3996
1085,"Manufacturing Industries, Not Elsewhere Classified",1,291,3999
1086,"Railroads, Line-Haul Operating",1,292,4011
1087,Railroad Switching and Terminal Establishments,1,292,4013
1088,Local and Suburban Transit,1,293,4111
1089,"Local Passenger Transportation, Not Elsewhere Classified",1,293,4119
1090,Taxicabs,1,294,4121
1091,Intercity and Rural Bus Transportation,1,295,4131
1092,Local Bus Charter Service,1,296,4141
1093,"Bus Charter Service, Except Local",1,296,4142
1094,School Buses,1,297,4151
1095,Terminal and Service Facilities for Motor Vehicle Passenger Transportation,1,298,4173
1096,Local Trucking Without Storage,1,299,4212
1097,"Trucking, Except Local",1,299,4213
1098,Local Trucking With Storage,1,299,4214
1099,"Courier Services, Except by Air",1,299,4215
1100,Farm Product Warehousing and Storage,1,300,4221
1101,Refrigerated Warehousing and Storage,1,300,4222
1102,General Warehousing and Storage,1,300,4225
1103,"Special Warehousing and Storage, Not Elsewhere Classified",1,300,4226
1104,Terminal and Joint Terminal Maintenance Facilities for Motor Freight Transportation,1,301,4231
1105,United States Postal Service,1,302,4311
1106,Deep Sea Foreign Transportation of Freight,1,303,4412
1107,Deep Sea Domestic Transportation of Freight,1,304,4424
1108,Freight Transportation on the Great Lakes-St. Lawrence Seaway,1,305,4432
1109,"Water Transportation of Freight, Not Elsewhere Classified",1,306,4449
1110,"Deep Sea Transportation of Passengers, Except by Ferry",1,307,4481
1111,Ferries,1,307,4482
1112,"Water Transportation of Passengers, Not Elsewhere Classified",1,307,4489
1113,Marine Cargo Handling,1,308,4491
1114,Towing and Tugboat Services,1,308,4492
1115,Marinas,1,308,4493
1116,"Water Transportation Services, Not Elsewhere Classified",1,308,4499
1117,"Air Transportation, Scheduled",1,309,4512
1118,Air Courier Services,1,309,4513
1119,"Air Transportation, Nonscheduled",1,310,4522
1120,"Airports, Flying Fields, and Airport Terminal Services",1,311,4581
1121,Crude Petroleum Pipelines,1,312,4612
1122,Refined Petroleum Pipelines,1,312,4613
1123,"Pipelines, Not Elsewhere Classified",1,312,4619
1124,Travel Agencies,1,313,4724
1125,Tour Operators,1,313,4725
1126,"Arrangement of Passenger Transportation, Not Elsewhere Classified",1,313,4729
1127,Arrangement of Transportation of Freight and Cargo,1,314,4731
1128,Rental of Railroad Cars,1,315,4741
1129,Packing and Crating,1,316,4783
1130,Fixed Facilities and Inspection and Weighing Services for Motor Vehicle Transportation,1,316,4785
1131,"Transportation Services, Not Elsewhere Classified",1,316,4789
1132,Radiotelephone Communications,1,317,4812
1133,"Telephone Communications, Except Radiotelephone",1,317,4813
1134,Telegraph and Other Message Communications,1,318,4822
1135,Radio Broadcasting Stations,1,319,4832
1136,Television Broadcasting Stations,1,319,4833
1137,Cable and Other Pay Television Services,1,320,4841
1138,"Communications Services, Not Elsewhere Classified",1,321,4899
1139,Electric Services,1,95,4911
1140,Natural Gas Transmission,1,322,4922
1141,Natural Gas Transmission and Distribution,1,322,4923
1142,Natural Gas Distribution,1,322,4924
1143,"Mixed, Manufactured, or Liquefied Petroleum Gas Production and/or",1,322,4925
1144,Electric and Other Services Combined,1,323,4931
1145,Gas and Other Services Combined,1,323,4932
1146,"Combination Utilities, Not Elsewhere Classified",1,323,4939
1147,Water Supply,1,324,4941
1148,Sewerage Systems,1,325,4952
1150,"Sanitary Services, Not Elsewhere Classified",1,325,4959
1151,Steam and Air-Conditioning Supply,1,326,4961
1152,Irrigation Systems,1,327,4971
1153,Automobiles and Other Motor Vehicles,1,328,5012
1154,Motor Vehicle Supplies and New Parts,1,328,5013
1155,Tires and Tubes,1,328,5014
1156,"Motor Vehicle Parts, Used",1,328,5015
1157,Furniture,1,329,5021
1158,Home furnishings,1,329,5023
1159,"Lumber, Plywood, Millwork, and Wood Panels",1,330,5031
1160,"Brick, Stone, and Related Construction Materials",1,330,5032
1161,"Roofing, Siding, and Insulation Materials",1,330,5033
1162,"Construction Materials, Not Elsewhere Classified",1,330,5039
1163,Photographic Equipment and Supplies,1,331,5043
1164,Office Equipment,1,331,5044
1165,Computers and Computer Peripheral Equipment and Software,1,331,5045
1166,"Commercial Equipment, Not Elsewhere Classified",1,331,5046
1167,"Medical, Dental, and Hospital Equipment and Supplies",1,331,5047
1168,Ophthalmic Goods,1,331,5048
1169,"Professional Equipment and Supplies, Not Elsewhere Classified",1,331,5049
1170,Metals Service Centers and Offices,1,332,5051
1171,Coal and Other Minerals and Ores,1,332,5052
1172,"Electrical Apparatus and Equipment Wiring Supplies, and Construction Materials",1,333,5063
1173,"Electrical Appliances, Television and Radio Sets",1,333,5064
1174,"Electronic Parts and Equipment, Not Elsewhere Classified",1,333,5065
1175,Hardware,1,334,5072
1176,Plumbing and Heating Equipment and Supplies (Hydronics),1,334,5074
1177,Warm Air Heating and Air-Conditioning Equipment and Supplies,1,334,5075
1178,Refrigeration Equipment and Supplies,1,334,5078
1179,Construction and Mining (Except Petroleum) Machinery and Equipment,1,335,5082
1180,Farm and Garden Machinery and Equipment,1,335,5083
1181,Industrial Machinery and Equipment,1,335,5084
1182,Industrial Supplies,1,335,5085
1183,Service Establishment Equipment and Supplies,1,335,5087
1184,"Transportation Equipment and Supplies, Except Motor Vehicles",1,335,5088
1185,Sporting and Recreational Goods and Supplies,1,336,5091
1186,Toys and Hobby Goods and Supplies,1,336,5092
1187,Scrap and Waste Materials,1,336,5093
1188,"Jewelry, Watches, Precious Stones, and Precious Metals",1,336,5094
1189,"Durable Goods, Not Elsewhere Classified",1,336,5099
1190,Printing and Writing Paper,1,337,5111
1191,Stationery and Office Supplies,1,337,5112
1192,Industrial and Personal Service Paper,1,337,5113
1193,"Drugs, Drug Proprietaries, and Druggists' Sundries",1,338,5122
1194,"Piece Goods, Notions, and Other Dry Good",1,339,5131
1195,Men's and Boy's Clothing and Furnishings,1,339,5136
1196,"Women's, Children's, and Infants' Clothing and Accessories",1,339,5137
1197,Footwear,1,339,5139
1198,"Groceries, General Line",1,340,5141
1199,Packaged Frozen Foods,1,340,5142
1200,"Dairy Products, Except Dried or Canned",1,340,5143
1201,Poultry and Poultry Products,1,340,5144
1202,Confectionery,1,340,5145
1203,Fish and Seafoods,1,340,5146
1204,Meats and Meat Products,1,340,5147
1205,Fresh Fruits and Vegetables,1,340,5148
1206,"Groceries and Related Products, Not Elsewhere Classified",1,340,5149
1207,Grain and Field Beans,1,341,5153
1208,Livestock,1,341,5154
1209,"Farm-Product Raw Materials, Not Elsewhere Classified",1,341,5159
1210,Plastics Materials and Basic Forms and Shapes,1,342,5162
1211,"Chemicals and Allied Products, Not Elsewhere Classified",1,342,5169
1212,Petroleum Bulk stations and Terminals,1,343,5171
1213,"Petroleum and Petroleum Products Wholesalers, Except Bulk Stations and Terminals",1,343,5172
1214,Beer and Ale,1,344,5181
1215,Wine and Distilled Alcoholic Beverages,1,344,5182
1216,Farm Supplies,1,345,5191
1217,"Books, Periodicals, and Newspapers",1,345,5192
1218,"Flowers, Nursery Stock, and Florists' Supplies",1,345,5193
1219,Tobacco and Tobacco Products,1,345,5194
1220,"Paints, Varnishes, and Supplies",1,345,5198
1221,"Nondurable Goods, Not Elsewhere Classified",1,345,5199
1222,Lumber and Other Building Materials Dealers,1,346,5211
1223,"Paint, Glass, and Wallpaper Stores",1,347,5231
1224,Hardware Stores,1,348,5251
1225,"Retail Nurseries, Lawn and Garden Supply Stores",1,349,5261
1226,Mobile Home Dealers,1,350,5271
1227,Department Stores,1,351,5311
1228,Variety Stores,1,352,5331
1229,Miscellaneous General Merchandise Stores,1,353,5399
1230,Grocery Stores,1,354,5411
1231,"Meat and Fish (Seafood) Markets, Including Freezer Provisioners",1,355,5421
1232,Fruit and Vegetable Markets,1,356,5431
1233,"Candy, Nut, and Confectionery Stores",1,357,5441
1234,Dairy Products Stores,1,358,5451
1235,Retail Bakeries,1,359,5461
1236,Miscellaneous Food Stores,1,360,5499
1237,Motor Vehicle Dealers (New and Used),1,361,5511
1238,Motor Vehicle Dealers (Used Only),1,362,5521
1239,Auto and Home Supply Stores,1,363,5531
1240,Gasoline Service Stations,1,364,5541
1241,Boat Dealers,1,365,5551
1242,Recreational Vehicle Dealers,1,366,5561
1244,"Automotive Dealers, Not Elsewhere Classified",1,368,5599
1245,Men's and Boys' Clothing and Accessory Stores,1,369,5611
1246,Women's Clothing Stores,1,370,5621
1247,Women's Accessory and Specialty Stores,1,371,5632
1248,Children's and Infants' Wear Stores,1,372,5641
1249,Family Clothing Stores,1,373,5651
1250,Shoe Stores,1,374,5661
1251,Miscellaneous Apparel and Accessory Stores,1,375,5699
1252,Furniture Stores,1,376,5712
1253,Floor Covering Stores,1,376,5713
1254,"Drapery, Curtain, and Upholstery Stores",1,376,5714
1255,Miscellaneous home furnishings Stores,1,376,5719
1256,Household Appliance Stores,1,377,5722
1257,"Radio, Television, and Consumer Electronics Stores",1,378,5731
1258,Computer and Computer Software Stores,1,378,5734
1259,Record and Prerecorded Tape Stores,1,378,5735
1260,Musical Instrument Stores,1,378,5736
1261,Eating Places,1,379,5812
1262,Drinking Places (alcoholic Beverages),1,379,5813
1263,Drug Stores and Proprietary Stores,1,380,5912
1264,Liquor Stores,1,381,5921
1265,Used Merchandise Stores,1,382,5932
1266,Sporting Goods Stores and Bicycle Shops,1,383,5941
1267,Book Stores,1,383,5942
1268,Stationery Stores,1,383,5943
1269,"Hobby, Toy, and Game Shops",1,383,5945
1270,Camera and Photographic Supply Stores,1,383,5946
1271,"Gift, Novelty, and Souvenir Shops",1,383,5947
1272,Luggage and Leather Goods Stores,1,383,5948
1273,"Sewing, Needlework, and Piece Goods Stores",1,383,5949
1274,Catalog and Mail-Order Houses,1,384,5961
1275,Automatic Merchandising Machine Operators,1,384,5962
1276,Direct Selling Establishments,1,384,5963
1277,Fuel Oil Dealers,1,385,5983
1278,Liquefied Petroleum Gas (Bottled Gas) Dealers,1,385,5984
1279,"Fuel Dealers, Not Elsewhere Classified",1,385,5989
1280,Tobacco Stores and Stands,1,386,5993
1281,News Dealers and Newsstands,1,386,5994
1282,Optical Goods Stores,1,386,5995
1283,"Miscellaneous Retail Stores, Not Elsewhere Classified",1,386,5999
1284,Federal Reserve Banks,1,387,6011
1285,"Central Reserve Depository Institutions, Not Elsewhere Classified",1,387,6019
1286,National Commercial Banks,1,388,6021
1287,State Commercial Banks,1,388,6022
1288,"Commercial Banks, Not Elsewhere Classified",1,388,6029
1289,"Savings Institutions, Federally Chartered",1,389,6035
1290,"Savings Institutions, Not Federally Chartered",1,389,6036
1291,"Credit Unions, Federally Chartered",1,390,6061
1292,"Credit Unions, Not Federally Chartered",1,390,6062
1293,Branches and Agencies of Foreign Banks,1,391,6081
1294,Foreign Trade and International Banking Institutions,1,391,6082
1295,"Non-deposit Trust Facilities,",1,392,6091
1296,"Functions Related to Depository Banking, Not Elsewhere Classified",1,392,6099
1297,Federal and Federally-Sponsored Credit Agencies,1,393,6111
1298,Personal Credit Institutions,1,394,6141
1299,"Short-Term Business Credit Institutions, Except Agricultural",1,395,6153
1300,Miscellaneous business Credit Institutions,1,395,6159
1301,Mortgage Bankers and Loan Correspondents,1,396,6162
1302,Loan Brokers,1,396,6163
1303,"Security Brokers, Dealers, and Flotation Companies",1,397,6211
1304,Commodity Contracts Brokers and Dealers,1,398,6221
1305,Security and Commodity Exchanges,1,399,6231
1306,Investment Advice,1,400,6282
1307,"Services Allied With the Exchange of Securities or Commodities, Not Elsewhere Classified",1,400,6289
1308,Life Insurance,1,401,6311
1309,Accident and Health Insurance,1,402,6321
1310,Hospital and Medical Service Plans,1,402,6324
1311,"Fire, Marine, and Casualty Insurance",1,403,6331
1312,Surety Insurance,1,404,6351
1313,Title Insurance,1,405,6361
1314,"Pension, Health, and Welfare Funds",1,406,6371
1315,"Insurance Carriers, Not Elsewhere Classified",1,407,6399
1316,"Insurance Agents, Brokers, and Service",1,408,6411
1317,Operators of Nonresidential Buildings,1,409,6512
1318,Operators of Apartment Buildings,1,409,6513
1319,Operators of Dwellings Other Than Apartment Buildings,1,409,6514
1320,Operators of Residential Mobile Home Sites,1,409,6515
1321,Lessors of Railroad Property,1,409,6517
1322,"Lessors of Real Property, Not Elsewhere Classified",1,409,6519
1323,Real Estate Agents and Managers,1,410,6531
1324,Title Abstract Offices,1,411,6541
1325,"Land Subdividers and Developers, Except Cemeteries",1,412,6552
1326,Cemetery Subdividers and Developers,1,412,6553
1327,Offices of Bank Holding Companies,1,413,6712
1328,"Offices of Holding Companies, Not Elsewhere Classified",1,413,6719
1329,"Management Investment Offices, Open-End",1,414,6722
1330,"Unit Investment Trusts, Face-Amount Certificate Offices, and Closed-End Management Investment Offices",1,414,6726
1331,"Educational, Religious, and Charitable Trusts",1,415,6732
1332,"Trusts, Except Educational, Religious, and Charitable",1,415,6733
1333,Oil Royalty Traders,1,416,6792
1334,Patent Owners and Lessors,1,416,6794
1335,Real Estate Investment Trusts,1,416,6798
1336,"Investors, Not Elsewhere Classified",1,416,6799
1337,Hotels and Motels,1,417,7011
1338,Rooming and Boarding Houses,1,418,7021
1339,Sporting and Recreational Camps,1,419,7032
1340,Recreational Vehicle Parks and Campsites,1,419,7033
1341,"Organization Hotels and Lodging Houses, on Membership Basis",1,420,7041
1342,"Power Laundries, Family and Commercial",1,421,7211
1343,"Garment Pressing, and Agents for Laundries and Drycleaners",1,421,7212
1344,Linen Supply,1,421,7213
1345,Coin-Operated Laundries and Drycleaning,1,421,7215
1346,"Drycleaning Plants, Except Rug Cleaning",1,421,7216
1347,Carpet and Upholstery Cleaning,1,421,7217
1348,Industrial Launderers,1,421,7218
1349,"Laundry and Garment Services, Not Elsewhere Classified",1,421,7219
1350,"Photographic Studios, Portrait",1,422,7221
1351,Beauty Shops,1,423,7231
1352,Barber Shops,1,424,7241
1353,Shoe Repair Shops and Shoeshine Parlors,1,425,7251
1354,Funeral Service and Crematories,1,426,7261
1355,Tax Return Preparation Services,1,427,7291
1356,"Miscellaneous Personal Services, Not Elsewhere Classified",1,427,7299
1357,Advertising Agencies,1,428,7311
1358,Outdoor Advertising Services,1,428,7312
1359,"Radio, Television, and Publishers' Advertising Representatives",1,428,7313
1360,"Advertising, Not Elsewhere Classified",1,428,7319
1361,Adjustment and Collection Services,1,429,7322
1362,Credit Reporting Services,1,429,7323
1363,Direct Mail Advertising Services,1,430,7331
1364,Photocopying and Duplicating Services,1,430,7334
1365,Commercial Photography,1,430,7335
1366,Commercial Art and Graphic Design,1,430,7336
1367,Secretarial and Court Reporting Services,1,430,7338
1368,Disinfecting and Pest Control Services,1,431,7342
1369,"Building Cleaning and Maintenance Services, Not Elsewhere",1,431,7349
1370,Medical Equipment Rental and Leasing,1,432,7352
1371,Heavy Construction Equipment Rental and Leasing,1,432,7353
1372,"Equipment Rental and Leasing, Not Elsewhere Classified",1,432,7359
1373,Employment Agencies,1,433,7361
1374,Help Supply Services,1,433,7363
1375,Computer Programming Services,1,434,7371
1376,Prepackaged Software,1,434,7372
1377,Computer Integrated Systems Design,1,434,7373
1378,Computer Processing and Data Preparation and Processing Services,1,434,7374
1379,Information Retrieval Services,1,434,7375
1380,Computer Facilities Management Services,1,434,7376
1381,Computer Rental and Leasing,1,434,7377
1382,Computer Maintenance and Repair,1,434,7378
1383,"Computer Related Services, Not Elsewhere Classified",1,434,7379
1384,"Detective, Guard, and Armored Car Services",1,435,7381
1385,Security Systems Services,1,435,7382
1386,News Syndicates,1,435,7383
1387,Photofinishing Laboratories,1,435,7384
1388,"Business Services, Not Elsewhere Classified",1,435,7389
1389,"Truck Rental and Leasing, Without Drivers",1,436,7513
1390,Passenger Car Rental,1,436,7514
1391,Passenger Car Leasing,1,436,7515
1392,Utility Trailer and Recreational Vehicle Rental,1,436,7519
1393,Automobile Parking,1,437,7521
1394,"Top, Body, and Upholstery Repair Shops and Paint Shops",1,438,7532
1395,Automotive Exhaust System Repair Shops,1,438,7533
1396,Tire Retreading and Repair Shops,1,438,7534
1397,Automotive Glass Replacement Shops,1,438,7536
1398,Automotive Transmission Repair Shops,1,438,7537
1399,General Automotive Repair Shops,1,438,7538
1400,"Automotive Repair Shops, Not Elsewhere Classified",1,438,7539
1401,Carwashes,1,439,7542
1402,"Automotive Services, Except Repair and Carwashes",1,439,7549
1403,Radio and Television Repair Shops,1,440,7622
1404,Refrigeration and Air-Conditioning Service and Repair Shops,1,440,7623
1405,"Electrical and Electronic Repair Shops, Not Elsewhere Classified",1,440,7629
1406,"Watch, Clock, and Jewelry Repair",1,441,7631
1407,Reupholstery and Furniture Repair,1,442,7641
1408,Welding Repair,1,443,7692
1409,Armature Rewinding Shops,1,443,7694
1410,"Repair Shops and Related Services, Not Elsewhere Classified",1,443,7699
1411,Motion Picture and Video Tape Production,1,444,7812
1412,Services Allied to Motion Picture Production,1,444,7819
1413,Motion Picture and Video Tape Distribution,1,445,7822
1414,Services Allied to Motion Picture Distribution,1,445,7829
1415,"Motion Picture Theaters, Except Drive-In",1,446,7832
1416,Drive-In Motion Picture Theaters,1,446,7833
1417,Video Tape Rental,1,447,7841
1418,"Dance Studios, Schools, and Halls",1,448,7911
1419,Theatrical Producers (Except Motion Picture) and Miscellaneous Theatrical Services,1,449,7922
1420,"Bands, Orchestras, Actors, and Other Entertainers and Entertainment Groups",1,449,7929
1421,Bowling Centers,1,450,7933
1422,Professional Sports Clubs and Promoters,1,451,7941
1423,"Racing, Including Track Operation",1,451,7948
1424,Physical Fitness Facilities,1,452,7991
1425,Public Golf Courses,1,452,7992
1426,Coin-Operated Amusement Devices,1,452,7993
1427,Amusement Parks,1,452,7996
1428,Membership Sports and Recreation Clubs,1,452,7997
1429,"Amusement and Recreation Services, Not Elsewhere Classified",1,452,7999
1430,Offices and Clinics of Doctors of Medicine,1,453,8011
1431,Offices and Clinics of Dentists,1,454,8021
1432,Offices and Clinics of Doctors of Osteopathy,1,455,8031
1433,Offices and Clinics of Chiropractors,1,456,8041
1434,Offices and Clinics of Optometrists,1,456,8042
1435,Offices and Clinics of Podiatrists,1,456,8043
1436,"Offices and Clinics of Health Practitioners, Not Elsewhere Classified",1,456,8049
1437,Skilled Nursing Care Facilities,1,457,8051
1438,Intermediate Care Facilities,1,457,8052
1439,"Nursing and Personal Care Facilities, Not Elsewhere Classified",1,457,8059
1440,General Medical and Surgical Hospitals,1,458,8062
1441,Psychiatric Hospitals,1,458,8063
1442,"Specialty Hospitals, Except Psychiatric",1,458,8069
1443,Medical Laboratories,1,459,8071
1444,Dental Laboratories,1,459,8072
1445,Home Health Care Services,1,460,8082
1446,Kidney Dialysis Centers,1,461,8092
1447,"Specialty Outpatient Facilities, Not Elsewhere Classified",1,461,8093
1448,"Health and Allied Services, Not Elsewhere Classified",1,461,8099
1449,Legal Services,1,462,8111
1450,Elementary and Secondary Schools,1,463,8211
1451,"Colleges, Universities, and Professional Schools",1,464,8221
1452,Junior Colleges and Technical Institutes,1,464,8222
1453,Libraries,1,465,8231
1454,Data Processing Schools,1,466,8243
1455,Business and Secretarial Schools,1,466,8244
1456,"Vocational Schools, Not Elsewhere Classified",1,466,8249
1457,"Schools and Educational Services, Not Elsewhere Classified",1,467,8299
1458,Individual and Family Social Services,1,468,8322
1459,Job Training and Vocational Rehabilitation Services,1,469,8331
1460,Child Day Care Services,1,470,8351
1461,Residential Care,1,471,8361
1462,"Social Services, Not Elsewhere Classified",1,472,8399
1463,Museums and Art Galleries,1,473,8412
1464,Arboreta and Botanical or Zoological Gardens,1,474,8422
1465,Business Associations,1,475,8611
1466,Professional Membership Organizations,1,476,8621
1467,Labor Unions and Similar Labor Organizations,1,477,8631
1468,"Civic, Social, and Fraternal Associations",1,478,8641
1469,Political Organizations,1,479,8651
1470,Religious Organizations,1,480,8661
1471,"Membership Organizations, Not Elsewhere Classified",1,481,8699
1472,Engineering Services,1,482,8711
1473,Architectural Services,1,482,8712
1474,Surveying Services,1,482,8713
1475,"Accounting, Auditing, and Bookkeeping Services",1,483,8721
1476,Commercial Physical and Biological Research,1,484,8731
1477,"Commercial Economic, Sociological, and Educational Research",1,484,8732
1478,Noncommercial Research Organizations,1,484,8733
1479,Testing Laboratories,1,484,8734
1480,Management Services,1,485,8741
1481,Management Consulting Services,1,485,8742
1482,Public Relations Services,1,485,8743
1483,Facilities Support Management Services,1,485,8744
1484,"Business Consulting Services, Not Elsewhere Classified",1,485,8748
1485,Private Households,1,486,8811
1486,"Services, Not Elsewhere Classified",1,487,8999
1487,Executive Offices,1,488,9111
1488,Legislative Bodies,1,489,9121
1489,Executive and Legislative Offices Combined,1,490,9131
1490,"General Government, Not Elsewhere Classified",1,491,9199
1491,Courts,1,492,9211
1492,Police Protection,1,493,9221
1493,Legal Counsel and Prosecution,1,493,9222
1494,Correctional Institutions,1,493,9223
1495,Fire Protection,1,493,9224
1496,"Public Order and Safety, Not Elsewhere Classified",1,493,9229
1497,"Public Finance, Taxation, and Monetary Policy",1,494,9311
1498,Administration of Educational Programs,1,495,9411
1499,Administration of Public Health Programs,1,496,9431
1500,"Administration of Social, Human Resource and Income Maintenance Programs",1,497,9441
1501,"Administration of Veterans' Affairs, Except Health and Insurance",1,498,9451
1502,Air and Water Resource and Solid Waste Management,1,499,9511
1503,"Land, Mineral, Wildlife, and Forest Conservation",1,499,9512
1504,Administration of Housing Programs,1,500,9531
1505,Administration of Urban Planning and Community and Rural Development,1,500,9532
1506,Administration of General Economic Programs,1,501,9611
1507,Regulation and Administration of Transportation Programs,1,502,9621
1508,"Regulation and Administration of Communications, Electric, Gas, and Other Utilities",1,503,9631
1509,Regulation of Agricultural Marketing and Commodities,1,504,9641
1510,"Regulation, Licensing, and Inspection of Miscellaneous Commercial Sectors",1,505,9651
1511,Space and Research and Technology,1,506,9661
1512,National Security,1,507,9711
1513,International Affairs,1,508,9721
1514,Nonclassifiable Establishments,1,509,9999
